{
  "model_comparison": {
    "Teacher": {
      "parameters": 52194,
      "trainable_parameters": 52194,
      "size_mb": 0.20279693603515625,
      "sparsity": 3.831858067977162e-05
    },
    "Student": {
      "parameters": 4322,
      "trainable_parameters": 4322,
      "size_mb": 0.01723480224609375,
      "sparsity": 0.24664507172605277
    },
    "parameter_reduction": 91.71935471510136,
    "size_reduction": 91.50144840299463,
    "parameter_ratio": 0.08280645284898647,
    "size_ratio": 0.0849855159700538
  },
  "training_history": {
    "total_loss": [
      1.2889280398686727,
      0.8037271936734517,
      0.5729143937428792,
      0.4151517689228058,
      0.36395062108834586,
      0.26414396862188977,
      0.2468782126903534,
      0.21916010280450185,
      0.1625337893764178,
      0.18687507808208464,
      0.1275677060087522,
      0.13012263278166453,
      0.20575651029745737,
      0.16985192547241848,
      0.19903460492690403,
      0.1372773582736651,
      0.15344197849432628,
      0.17070948431889216,
      0.14682883272568384,
      0.12166987458864847,
      0.10917800019184748,
      0.2076527163386345,
      0.15922681639591854,
      0.13519654323657354,
      0.13986786454916
    ],
    "distill_loss": [
      1.609141437212626,
      1.0252031604448955,
      0.736390765508016,
      0.5313891569773356,
      0.4638298014799754,
      0.3350384086370468,
      0.31333314180374144,
      0.27710877706607184,
      0.20525935292243958,
      0.2281909813483556,
      0.1619773432612419,
      0.16714460551738738,
      0.2932493478059769,
      0.23886638979117075,
      0.26978214184443156,
      0.18120784014463426,
      0.19572861740986505,
      0.24240480711062748,
      0.19141352425018945,
      0.1622062861919403,
      0.14618673672278723,
      0.3387221783399582,
      0.24978886072834333,
      0.20588547140359878,
      0.20304802854855855
    ],
    "task_loss": [
      0.5417635202407837,
      0.32580537497997286,
      0.24596159557501476,
      0.19928237895170847,
      0.19143204440673192,
      0.15009638220071791,
      0.14719580262899398,
      0.13803197890520097,
      0.10666190236806869,
      0.1363778678079446,
      0.0882423939804236,
      0.0905474296460549,
      0.1182636762658755,
      0.10529001280665398,
      0.137130502363046,
      0.10133424227436384,
      0.1211051419377327,
      0.11949854840834935,
      0.11710569883386295,
      0.09647156472007433,
      0.08775188898046811,
      0.13707686513662337,
      0.11394578913847606,
      0.1024382583796978,
      0.11279064739743869
    ],
    "train_accuracy": [
      0.7363095238095239,
      0.9300595238095238,
      0.9625,
      0.9645833333333333,
      0.9434523809523809,
      0.9729166666666667,
      0.9476190476190476,
      0.9645833333333333,
      0.975,
      0.9654761904761905,
      0.9791666666666666,
      0.9729166666666667,
      0.9666666666666667,
      0.975,
      0.9538690476190476,
      0.9770833333333333,
      0.9538690476190476,
      0.9633928571428572,
      0.9654761904761905,
      0.9666666666666667,
      0.975,
      0.9675595238095238,
      0.9729166666666667,
      0.9729166666666667,
      0.96875
    ],
    "val_accuracy": [
      0.9122807017543859,
      0.9385964912280702,
      0.9473684210526315,
      0.9649122807017544,
      0.9649122807017544,
      0.9649122807017544,
      0.9649122807017544,
      0.9649122807017544,
      0.9736842105263158,
      0.9824561403508771,
      0.9824561403508771,
      0.9824561403508771,
      0.9736842105263158,
      0.9824561403508771,
      0.9649122807017544,
      0.9736842105263158,
      0.9824561403508771,
      0.9736842105263158,
      0.9736842105263158,
      0.9736842105263158,
      0.9824561403508771,
      0.9736842105263158,
      0.9824561403508771,
      0.9824561403508771,
      0.9649122807017544
    ],
    "val_loss": [
      0.48167617540610463,
      0.30282354381000787,
      0.233341783285141,
      0.19730456800837265,
      0.17367773058644512,
      0.14907569059154444,
      0.1360738793747467,
      0.12437452571956735,
      0.11696751062807284,
      0.1026031579495522,
      0.09930329135896866,
      0.0933357839260185,
      0.12272943896159791,
      0.10876279899425674,
      0.10708795461738319,
      0.10071238444039696,
      0.10137985084663358,
      0.10097692540863104,
      0.10341241733546842,
      0.09349237264771211,
      0.08791882714681458,
      0.11540345729965913,
      0.10404392815472786,
      0.09844454743883066,
      0.09538530349208597
    ],
    "alpha": [
      0.7,
      0.6833333333333333,
      0.6666666666666666,
      0.6499999999999999,
      0.6333333333333333,
      0.6166666666666666,
      0.6,
      0.5833333333333333,
      0.5666666666666667,
      0.5499999999999999,
      0.5333333333333333,
      0.5166666666666666,
      0.5,
      0.4833333333333333,
      0.4666666666666666,
      0.44999999999999996,
      0.43333333333333335,
      0.41666666666666663,
      0.39999999999999997,
      0.3833333333333333,
      0.36666666666666664,
      0.35,
      0.3333333333333333,
      0.31666666666666665,
      0.3
    ],
    "pruned_params": [
      0.0,
      0.0,
      0.0,
      0.0,
      0.0,
      0.0,
      0.0,
      0.0,
      0.0,
      0.0,
      0.0,
      438.0,
      0.0,
      0.0,
      868.0,
      0.0,
      0.0,
      1299.0,
      0.0,
      0.0,
      1732.0,
      0.0,
      0.0,
      0.0,
      0.0
    ],
    "sparsity": [
      0.0,
      0.0,
      0.0,
      0.0,
      0.00023137436372049977,
      0.0,
      0.0,
      0.0,
      0.0,
      0.0,
      0.0,
      0.1013419713095789,
      0.0,
      0.00023137436372049977,
      0.2008329477093938,
      0.007403979639055993,
      0.006247107820453493,
      0.3005552984729292,
      0.11082832022211939,
      0.10828320222119389,
      0.4012031466913466,
      0.24988431281813975,
      0.24733919481721425,
      0.24641369736233226,
      0.24664507172605277
    ]
  },
  "student_sparsity": {
    "overall_sparsity": 0.24664507172605277,
    "layer_sparsity": {
      "network.0.weight": 0.15833333333333333,
      "network.0.bias": 0.15625,
      "network.1.weight": 0.109375,
      "network.1.bias": 0.109375,
      "network.4.weight": 0.34814453125,
      "network.4.bias": 0.3125,
      "network.5.weight": 0.09375,
      "network.5.bias": 0.0625,
      "network.8.weight": 0.15625,
      "network.8.bias": 0.0
    },
    "num_sparse_layers": 9,
    "total_layers": 10,
    "total_zeros": 1066,
    "total_params": 4322
  },
  "metadata": {
    "task": "Breast Cancer Classification",
    "dataset": "Wisconsin Breast Cancer",
    "teacher_accuracy": 97.36842105263158,
    "student_accuracy": 96.49122807017544,
    "compression_ratio": 91.71935471510136,
    "final_sparsity": 0.24664507172605277
  }
}